Date,Facebook,Twitter,YouTube,Pinterest,LinkedIn,Instagram,reddit,Tumblr,Other,
1/1/21,95.42,0.49,2.45,1.23,0.25,0.07,0.08,0.02,0,
1/2/21,96.79,0.33,1.86,0.47,0.42,0.05,0.04,0.03,0,
1/3/21,94.81,0.31,3.08,1.23,0.41,0.08,0.04,0.03,0,
1/4/21,94.69,0.55,3.2,0.66,0.54,0.11,0.15,0.1,0,
1/5/21,95.77,0.41,2.14,0.95,0.45,0.06,0.12,0.09,0,
1/6/21,94.71,0.57,3.04,0.66,0.71,0.11,0.12,0.08,0,
1/7/21,93.68,0.57,3.25,1.5,0.52,0.14,0.19,0.15,0,
1/8/21,88.53,7.55,2.52,0.61,0.43,0.1,0.14,0.12,0,
1/9/21,89.59,3.53,3.57,2.48,0.45,0.1,0.18,0.11,0,
1/10/21,74.92,21.31,2.56,0.61,0.38,0.07,0.08,0.07,0,
1/11/21,72.3,24.11,2.43,0.54,0.4,0.07,0.08,0.07,0,
1/12/21,73.46,21.86,2.73,1.14,0.56,0.15,0.06,0.03,0,
1/13/21,93.68,1.45,2.91,1.29,0.46,0.06,0.12,0.02,0,
1/14/21,75.57,20.93,2.48,0.58,0.34,0.05,0.03,0.01,0,
1/15/21,87.13,10.28,1.94,0.34,0.21,0.03,0.03,0.04,0,
1/16/21,79.84,11.5,7.22,1.02,0.32,0.03,0.06,0.01,0,
1/17/21,79.1,12.88,6.55,1.04,0.33,0.07,0.02,0.01,0,
1/18/21,73.34,15.23,10.14,0.66,0.46,0.09,0.05,0.02,0,
1/19/21,89.19,1.79,7.31,0.85,0.77,0.06,0.02,0.02,0,
1/20/21,76.81,17.97,4.15,0.59,0.38,0.07,0.02,0,0,
1/21/21,71.75,18.62,8.55,0.59,0.41,0.05,0.02,0.01,0,
1/22/21,76.89,17.22,5.12,0.48,0.18,0.07,0.03,0.01,0,
1/23/21,73.21,21.61,4.07,0.57,0.41,0.1,0.03,0.01,0,
1/24/21,93.42,0.79,4.16,0.76,0.72,0.1,0.05,0,0,
1/25/21,84.33,10.17,3.57,0.85,0.89,0.09,0.08,0.02,0,
1/26/21,85.19,8.03,4.45,1.05,1.11,0.08,0.08,0.02,0,
1/27/21,92.28,0.74,4.87,0.99,0.94,0.09,0.06,0.02,0,
1/28/21,94.05,1.1,3.2,0.75,0.75,0.1,0.04,0.02,0,
1/29/21,96,1.13,2,0.44,0.25,0.15,0.03,0.01,0,
1/30/21,96.14,0.49,2.2,0.62,0.39,0.12,0.03,0.02,0,
1/31/21,94.72,0.8,2.85,1.06,0.44,0.04,0.04,0.05,0,
2/1/21,96.12,0.47,2.27,0.66,0.35,0.06,0.05,0.03,0,
2/2/21,93.78,0.68,3.69,1.07,0.52,0.19,0.05,0.02,0,
2/3/21,94.36,0.79,3.14,0.78,0.67,0.2,0.04,0.01,0,
2/4/21,94.01,0.93,3.43,0.69,0.74,0.16,0.03,0.02,0.01,
2/5/21,95,0.89,2.83,0.6,0.53,0.08,0.04,0.01,0.01,
2/6/21,93.53,1.02,3.62,0.88,0.62,0.25,0.06,0.02,0,
2/7/21,94.95,0.48,2.86,0.72,0.72,0.21,0.04,0.01,0,
2/8/21,94.27,0.56,3.32,0.8,0.78,0.19,0.05,0.03,0.01,
2/9/21,93.98,0.44,3.44,0.93,0.89,0.26,0.03,0.02,0.01,
2/10/21,93.8,0.56,3.84,0.85,0.69,0.22,0.03,0.02,0,
2/11/21,90.72,1.92,4.55,1.46,1.11,0.15,0.07,0.04,0,
2/12/21,89.09,3.13,5.38,1.18,0.75,0.33,0.11,0.02,0,
2/13/21,88.44,3.44,5.24,1.45,1.05,0.24,0.05,0.06,0.02,
2/14/21,91.58,2.36,3.93,1.11,0.77,0.14,0.06,0.04,0.01,
2/15/21,91.95,2.22,3.87,1.04,0.72,0.1,0.07,0.02,0.01,
2/16/21,92.02,2.03,3.99,1.15,0.54,0.16,0.08,0.03,0.01,
2/17/21,91.65,2.23,3.92,1.14,0.89,0.09,0.07,0.02,0,
2/18/21,92.09,2.02,3.83,1.08,0.8,0.08,0.05,0.04,0,
2/19/21,92.9,0.79,4.47,1.21,0.43,0.1,0.04,0.03,0.02,
2/20/21,89.08,3.28,5.19,1.18,1.01,0.12,0.05,0.04,0.04,
2/21/21,88.76,4.32,4.67,1.28,0.6,0.22,0.07,0.06,0.02,
2/22/21,76.06,18.87,3.05,1.06,0.6,0.15,0.14,0.05,0.02,
2/23/21,69.63,25.74,2.73,0.81,0.8,0.21,0.05,0.02,0.01,
2/24/21,59.18,35.11,3.53,0.98,0.83,0.16,0.05,0.11,0.05,
2/25/21,78.52,12.9,5.15,1.7,1,0.53,0.09,0.05,0.06,
2/26/21,61.76,33.14,3.35,0.99,0.49,0.19,0.04,0.03,0,
2/27/21,65.87,30.15,2.3,0.81,0.7,0.12,0.03,0.02,0.01,
2/28/21,81.64,13.32,3.14,1.02,0.57,0.23,0.03,0.03,0,
3/1/21,89.71,5.8,2.63,0.96,0.7,0.15,0.01,0.03,0,
3/2/21,88.66,6.36,2.99,1.05,0.68,0.18,0.04,0.03,0.01,
3/3/21,86.63,7.38,3.47,1.37,0.76,0.24,0.1,0.03,0.02,
3/4/21,51.69,43.16,3.31,1.09,0.42,0.26,0.03,0.03,0.01,
3/5/21,35.21,60.88,2.59,0.8,0.25,0.21,0.05,0.02,0,
3/6/21,37.69,59.99,1.43,0.49,0.28,0.07,0.01,0.02,0.01,
3/7/21,64.71,32.41,1.58,0.75,0.41,0.06,0.04,0.02,0.01,
3/8/21,94.17,0.53,3.26,0.97,0.87,0.12,0.05,0.01,0.01,
3/9/21,92.89,1.06,3.69,1.24,0.91,0.11,0.08,0.01,0,
3/10/21,92.98,0.52,3.7,1.3,1.03,0.25,0.15,0.03,0.03,
3/11/21,74.89,19.38,3.34,1.02,1.1,0.19,0.06,0.02,0.01,
3/12/21,75.59,20.55,2.38,0.64,0.58,0.2,0.04,0.01,0.01,
3/13/21,68.61,26.72,2.64,0.93,0.77,0.19,0.12,0.01,0,
3/14/21,56.75,39.37,2.27,0.68,0.69,0.14,0.09,0.01,0,
3/15/21,57.6,38.36,2.18,0.62,0.93,0.24,0.04,0.03,0,
3/16/21,55.27,40.99,2.26,0.84,0.5,0.09,0.03,0.01,0,
3/17/21,74.05,21.79,2.62,0.94,0.41,0.1,0.08,0.01,0.01,
3/18/21,73.01,23.06,2.13,0.89,0.69,0.07,0.1,0.02,0.01,
3/19/21,68.57,28.38,1.95,0.64,0.35,0.03,0.07,0,0,
3/20/21,60.95,35.86,1.85,0.69,0.54,0.06,0.05,0.01,0,
3/21/21,50.96,44.4,2.46,1.13,0.83,0.14,0.07,0.01,0,
3/22/21,53.88,41.07,2.86,1.08,0.91,0.14,0.05,0.02,0,
3/23/21,59.01,36.33,2.5,1.08,0.85,0.11,0.09,0.03,0.01,
3/24/21,54.47,40.67,2.79,1.03,0.83,0.14,0.04,0.02,0,
3/25/21,52.64,42.91,2.38,0.9,0.79,0.27,0.07,0.03,0.01,
3/26/21,48.08,47.54,2.77,0.77,0.62,0.12,0.07,0.04,0,
3/27/21,72.69,5.44,11.94,4.77,4.23,0.33,0.29,0.28,0.03,
3/28/21,63.75,13.91,11.94,4.91,3.96,0.92,0.44,0.16,0.02,
3/29/21,51.09,41.46,4.3,1.38,1.4,0.21,0.09,0.06,0.01,
3/30/21,56.85,38.76,2.51,0.83,0.79,0.09,0.09,0.06,0.01,
3/31/21,70.11,25.43,2.56,1.03,0.59,0.11,0.09,0.05,0.01,
4/1/21,93.86,1.25,2.7,1.18,0.56,0.26,0.09,0.04,0.06,
4/2/21,93.3,0.7,4.03,1.08,0.62,0.14,0.07,0.05,0.01,
4/3/21,94.62,0.56,2.93,0.97,0.7,0.11,0.07,0.04,0,
4/4/21,93.62,0.81,3.4,1.02,0.82,0.15,0.11,0.05,0.02,
4/5/21,53.62,41.91,2.98,0.87,0.4,0.13,0.04,0.05,0,
4/6/21,48.59,47.71,2.2,0.76,0.57,0.08,0.05,0.04,0,
4/7/21,51.94,44.43,2.18,0.7,0.45,0.22,0.04,0.02,0.02,
4/8/21,32.53,64.83,1.7,0.46,0.31,0.11,0.03,0.03,0.01,
4/9/21,23.63,74.62,1.17,0.32,0.15,0.06,0.03,0.01,0,
4/10/21,29.39,68.22,1.52,0.45,0.3,0.06,0.04,0.02,0.01,
4/11/21,26.7,71,1.49,0.44,0.21,0.06,0.06,0.03,0.01,
4/12/21,28.3,65.54,5.29,0.39,0.37,0.05,0.04,0.02,0.01,
4/13/21,44.61,50.71,3.36,0.57,0.54,0.11,0.06,0.03,0.01,
4/14/21,51.87,41.75,4.61,0.81,0.7,0.13,0.06,0.03,0.03,
4/15/21,47.55,47.46,3.37,0.78,0.6,0.1,0.06,0.05,0.03,
4/16/21,45.47,49.48,3.06,0.83,0.7,0.18,0.18,0.04,0.06,
4/17/21,70.5,20.86,5.38,1.37,1.47,0.21,0.12,0.05,0.03,
4/18/21,87.7,1.75,6.9,1.71,1.33,0.29,0.22,0.07,0.03,
4/19/21,90.36,1.36,5.48,1.23,1.18,0.25,0.09,0.04,0.02,
4/20/21,87.73,1.28,6.94,2.01,1.44,0.31,0.18,0.1,0.01,
4/21/21,90.18,1.87,4.97,1.52,0.96,0.2,0.2,0.07,0.03,
4/22/21,38.57,56.92,2.89,0.79,0.37,0.25,0.15,0.04,0.01,
4/23/21,36.48,59.57,2.44,0.6,0.63,0.12,0.09,0.05,0.01,
4/24/21,31.03,64.7,2.88,0.63,0.42,0.12,0.12,0.09,0.01,
4/25/21,26.63,68.65,2.78,0.94,0.56,0.29,0.08,0.06,0,
4/26/21,33.27,61.91,3.28,0.62,0.53,0.2,0.08,0.09,0.01,
4/27/21,36.97,59.57,2.27,0.7,0.28,0.13,0.05,0.03,0.01,
4/28/21,37.93,58.08,2.42,0.73,0.53,0.17,0.11,0.02,0.01,
4/29/21,37.46,58.71,2.27,0.89,0.44,0.14,0.08,0.02,0,
4/30/21,38.27,57.84,2.44,0.66,0.37,0.26,0.08,0.03,0.04,
5/1/21,90.26,1.17,5.38,1.7,0.78,0.43,0.14,0.14,0,
5/2/21,90.16,1.18,5.12,1.59,1.09,0.62,0.13,0.08,0.01,
5/3/21,90.24,1.03,5.6,1.38,1.24,0.34,0.12,0.04,0,
5/4/21,91.03,0.94,3.9,1.46,0.58,1.92,0.13,0.04,0,
5/5/21,87.53,1.01,6.61,1.68,0.99,1.91,0.16,0.1,0.01,
5/6/21,87.31,1.37,6.7,1.92,0.96,1.39,0.18,0.17,0,
5/7/21,91.12,0.93,5.11,1.3,0.82,0.45,0.2,0.03,0.04,
5/8/21,89.85,1.08,5.46,1.54,1.19,0.57,0.16,0.13,0.02,
5/9/21,89.79,0.79,5.69,1.44,1.14,0.79,0.2,0.17,0.02,
5/10/21,86.79,1.63,6.96,2.28,1.45,0.64,0.15,0.1,0.02,
5/11/21,82.67,1.73,9.25,2.47,2.3,1.08,0.28,0.16,0.07,
5/12/21,83.71,1.7,8.44,2.54,1.42,1.58,0.42,0.14,0.04,
5/13/21,20.61,76.17,2.13,0.52,0.21,0.15,0.14,0.07,0,
5/14/21,34.21,58.57,5.21,0.92,0.31,0.37,0.3,0.09,0.02,
5/15/21,44.18,49.1,4.61,1.11,0.32,0.35,0.24,0.08,0,
5/16/21,71.27,10.97,10.91,3.24,2.11,0.72,0.41,0.34,0.03,
5/17/21,81.37,4.23,8.28,2.18,2.21,0.51,0.68,0.47,0.08,
5/18/21,80.36,4.32,8.05,2.68,2.68,0.77,0.77,0.31,0.04,
5/19/21,79.24,3.67,9.7,2.98,3.03,0.66,0.47,0.21,0.03,
5/20/21,86.42,2.67,6.82,1.98,1.24,0.47,0.24,0.12,0.04,
5/21/21,86.88,2.37,6.1,1.94,1.61,0.74,0.21,0.15,0.01,
5/22/21,88.87,1.45,5.18,2.09,1.5,0.53,0.18,0.11,0.08,
5/23/21,90.74,0.99,4.57,1.72,1.14,0.51,0.17,0.1,0.07,
5/24/21,86.54,2.01,6.35,2.62,1.23,0.74,0.34,0.1,0.08,
5/25/21,87.27,1.75,6.22,2.38,1.46,0.34,0.35,0.18,0.06,
5/26/21,81.77,2.58,8.82,3.46,2.03,0.55,0.44,0.31,0.04,
5/27/21,81.81,3.06,8.58,3.1,2.51,0.3,0.4,0.2,0.03,
5/28/21,82.4,2.28,10.2,2.82,1.39,0.49,0.23,0.18,0,
5/29/21,84.78,1.95,7.09,2.83,2.44,0.32,0.41,0.16,0.01,
5/30/21,92.34,1.15,3.91,1.27,0.86,0.21,0.15,0.11,0,
5/31/21,86.45,1.69,7.03,2.37,1.44,0.43,0.33,0.23,0.02,
6/1/21,86.34,1.78,7.4,2.19,1.3,0.48,0.3,0.22,0,
6/2/21,93.21,3.18,1.13,1.21,0.83,0.25,0.1,0.1,0,
6/3/21,90.19,4.86,1.38,1.73,0.99,0.48,0.18,0.18,0,
6/4/21,87.18,7.04,1.51,1.99,0.92,0.98,0.11,0.26,0,
6/5/21,83.82,8.43,2.13,2.83,1.56,0.74,0.24,0.24,0,
6/6/21,87.89,6.56,1.47,1.94,1.28,0.47,0.23,0.18,0,
6/7/21,88.77,5.26,1.65,2,1.47,0.44,0.15,0.26,0.01,
6/8/21,86.51,6.77,1.59,2.07,2.22,0.48,0.15,0.2,0.01,
6/9/21,90.43,4.47,1.4,1.91,1.15,0.35,0.13,0.16,0,
6/10/21,91.42,4.32,1.2,1.31,1.09,0.4,0.15,0.11,0,
6/11/21,87.99,6.34,1.83,1.88,1.16,0.4,0.16,0.24,0,
6/12/21,85.67,6.35,1.86,2.71,2.64,0.42,0.17,0.19,0,
6/13/21,86.68,7.02,1.72,1.98,1.89,0.36,0.21,0.14,0,
6/14/21,81.81,8.27,3.11,2.98,2.02,1.25,0.24,0.31,0.01,
6/15/21,85.9,6.86,1.94,2.2,2.25,0.51,0.18,0.16,0.01,
6/16/21,89.33,5.83,1.1,1.66,1.43,0.36,0.11,0.18,0,
6/17/21,91.36,5.34,0.88,1.03,0.93,0.21,0.11,0.13,0,
6/18/21,91.88,5.02,0.79,1.13,0.68,0.26,0.08,0.16,0,
6/19/21,89.22,6.39,0.95,1.76,1.12,0.33,0.08,0.16,0,
6/20/21,90.98,6.13,0.76,0.92,0.82,0.19,0.08,0.11,0,
6/21/21,89.91,4.75,2.79,0.98,1.12,0.27,0.13,0.03,0.02,
6/22/21,89.57,6.25,0.99,1.07,1.49,0.41,0.09,0.12,0,
6/23/21,90.04,6.49,0.8,0.94,1.13,0.44,0.08,0.07,0,
6/24/21,89.71,6.46,0.83,1.18,1.25,0.34,0.12,0.09,0.02,
6/25/21,89.61,6.93,0.87,0.78,1,0.49,0.22,0.11,0,
6/26/21,90.35,6.41,0.78,0.71,1.07,0.49,0.09,0.1,0,
6/27/21,90.77,6.16,0.68,0.91,0.73,0.54,0.09,0.12,0,
6/28/21,89.01,7.17,0.72,1.07,1.26,0.51,0.11,0.16,0,
6/29/21,86.53,9.2,0.98,1.26,1.15,0.53,0.17,0.18,0.01,
6/30/21,85.39,9.79,1.33,1.25,1.17,0.78,0.1,0.18,0,
7/1/21,88.65,6.16,2.13,0.93,0.97,0.77,0.14,0.11,0.14,
7/2/21,85.71,9.02,1.29,1.3,1.65,0.77,0.09,0.18,0,
7/3/21,86.98,7.96,0.88,1.2,1.66,1.04,0.14,0.14,0,
7/4/21,86.52,8.8,1.12,1.14,1.27,0.84,0.14,0.17,0.01,
7/5/21,86.91,8.03,1.02,1.25,1.6,0.89,0.23,0.06,0,
7/6/21,85.96,8.59,1.19,1.53,1.54,0.75,0.26,0.18,0,
7/7/21,86,6.36,3.85,0.91,1.2,1.41,0.15,0.13,0,
7/8/21,87.65,7.31,1.12,1.04,1.69,0.95,0.13,0.12,0,
7/9/21,88.96,6.9,1.1,0.86,1.19,0.74,0.16,0.08,0.01,
7/10/21,90.03,6.62,0.79,0.89,0.84,0.58,0.13,0.12,0,
7/11/21,93.82,3.85,0.58,0.64,0.47,0.45,0.1,0.08,0,
7/12/21,91.6,4.91,0.75,0.79,0.88,0.63,0.2,0.23,0,
7/13/21,77.46,8.19,11.81,0.97,0.63,0.49,0.19,0.26,0.01,
7/14/21,87.68,8.56,0.79,1.07,0.74,0.74,0.13,0.27,0.01,
7/15/21,89.28,6.92,0.83,1.08,0.65,0.86,0.23,0.15,0,
7/16/21,87.52,5.69,4.32,0.79,0.4,0.95,0.19,0.14,0.01,
7/17/21,89.36,6.83,0.9,1.1,0.48,0.84,0.29,0.2,0,
7/18/21,90.26,5.91,0.93,1.22,0.38,0.87,0.26,0.15,0.02,
7/19/21,89.82,5.99,1.58,0.96,0.36,0.86,0.22,0.22,0,
7/20/21,88.37,6.83,2.25,1.03,0.22,0.96,0.17,0.17,0.01,
7/21/21,82.12,9.74,5.11,0.99,0.37,1.33,0.18,0.14,0.02,
7/22/21,83.01,8.36,5.56,1.19,0.41,1.13,0.22,0.11,0.01,
7/23/21,84.46,7.88,4.36,1.14,0.73,0.99,0.25,0.16,0.03,
7/24/21,86.53,6.12,3.75,1.14,0.89,0.94,0.21,0.35,0.07,
7/25/21,88.07,5.73,2.33,1.01,1.15,1.14,0.24,0.26,0.07,
7/26/21,89.18,5.41,2.12,0.84,1,0.91,0.26,0.24,0.04,
7/27/21,90.05,4.96,1.92,0.9,0.99,0.78,0.15,0.22,0.02,
7/28/21,90.06,5.27,1.68,0.95,0.94,0.8,0.18,0.09,0.03,
7/29/21,90.05,5.15,1.92,0.91,1.02,0.63,0.18,0.1,0.04,
7/30/21,89.93,4.92,1.8,0.81,0.89,1.29,0.16,0.16,0.03,
7/31/21,88.34,5.65,2.22,1.42,1.12,0.76,0.21,0.28,0,
8/1/21,87.46,6.11,2.37,1.38,1.17,1.02,0.25,0.23,0,
8/2/21,87.03,6.45,3.01,1.5,0.9,0.85,0.17,0.08,0.02,
8/3/21,90.09,5.02,2.31,0.98,0.58,0.69,0.21,0.13,0.01,
8/4/21,89.35,5.79,1.34,1.28,1.09,0.76,0.27,0.11,0,
8/5/21,91.62,4.08,0.89,0.98,1.17,0.92,0.22,0.12,0,
8/6/21,92.57,4.07,0.85,0.83,0.59,0.75,0.2,0.13,0.01,
8/7/21,88.96,5.97,1.5,1.21,1.13,0.85,0.25,0.13,0,
8/8/21,93.5,3.66,0.89,0.74,0.48,0.53,0.14,0.06,0,
8/9/21,92.01,4.1,1.07,0.97,0.86,0.67,0.22,0.08,0.01,
8/10/21,90.83,5.2,0.93,0.92,1.17,0.64,0.26,0.05,0,
8/11/21,89.43,6.48,0.97,1.18,1.01,0.62,0.23,0.08,0,
8/12/21,90.79,5.54,1.06,1.02,0.63,0.73,0.16,0.07,0,
8/13/21,89.12,6.66,1.65,0.94,0.88,0.44,0.25,0.07,0,
8/14/21,88.37,6.78,1.96,1.14,0.71,0.68,0.24,0.13,0,
8/15/21,87.45,8.31,1.27,1.1,0.5,1.05,0.25,0.07,0,
8/16/21,90.73,6.11,0.89,0.93,0.61,0.46,0.12,0.14,0,
8/17/21,91.09,5.28,0.98,1.16,0.73,0.46,0.22,0.08,0,
8/18/21,87.11,8.01,1.67,1.33,0.71,0.76,0.3,0.1,0.01,
8/19/21,85.69,8.56,2.9,1.38,0.46,0.58,0.21,0.22,0,
8/20/21,86.9,7.75,2.45,1.27,0.56,0.67,0.28,0.12,0,
8/21/21,86.99,7.27,2.46,1.59,0.63,0.67,0.25,0.14,0,
8/22/21,86.84,7.79,1.7,1.91,0.61,0.59,0.35,0.21,0,
8/23/21,87.06,6.67,2.99,1.49,0.72,0.57,0.24,0.26,0,
8/24/21,87.24,7.3,2.24,1.56,0.63,0.64,0.19,0.2,0,
8/25/21,83.23,8.47,4.34,1.88,0.88,0.67,0.37,0.16,0,
8/26/21,63.29,6.83,27.46,1.03,0.45,0.63,0.2,0.1,0,
8/27/21,82.19,6.62,8.17,1.06,0.94,0.56,0.29,0.17,0.01,
8/28/21,86.59,5.49,3.82,1.62,1.08,0.89,0.29,0.22,0,
8/29/21,87.83,4.13,4.79,1.39,0.79,0.63,0.26,0.19,0,
8/30/21,83.29,8.51,3.4,2.12,1.07,1.02,0.46,0.14,0.01,
8/31/21,92.89,3.6,0.75,1.14,0.6,0.7,0.23,0.08,0.01,
9/1/21,93.67,3.41,0.43,1.09,0.55,0.49,0.25,0.11,0.01,
9/2/21,71.13,23.52,2.88,1.06,0.71,0.48,0.06,0.14,0,0.01
9/3/21,64.91,29.69,3.06,0.9,0.63,0.59,0.1,0.12,0,0.01
9/4/21,58.49,35.26,3.23,1.23,0.82,0.72,0.09,0.15,0,0
9/5/21,68.34,27.11,2.25,1.04,0.57,0.53,0.05,0.11,0,0
9/6/21,77.81,17.11,2.8,1.14,0.51,0.42,0.06,0.16,0,0
9/7/21,68.07,26.8,2.48,0.99,1.05,0.42,0.09,0.1,0,0
9/8/21,67.13,27.14,3.05,1.28,0.68,0.47,0.14,0.11,0,0
9/9/21,59.52,35.64,2.47,1.26,0.55,0.39,0.07,0.1,0,0
9/10/21,73.3,21.06,3.06,1.1,0.67,0.49,0.16,0.14,0.01,0
9/11/21,88.73,1.29,4.79,2.44,1.52,0.85,0.19,0.17,0.02,0
9/12/21,88.29,1.15,5.15,3.05,1.03,0.96,0.2,0.13,0.03,0.01
9/13/21,85.09,2.08,5.91,3,2.29,1.14,0.28,0.16,0.04,0
9/14/21,83.94,2.11,7.19,2.81,2.18,1.16,0.37,0.2,0.04,0.01
9/15/21,87.92,2.52,5.4,2.33,0.14,0.98,0.51,0.16,0.03,0.02
9/16/21,87.45,3.7,4.29,2.47,0.14,1.04,0.75,0.15,0.01,0
9/17/21,97.83,0.4,0.96,0.37,0.02,0.31,0.07,0.04,0,0
9/18/21,90.3,1.75,4.14,1.84,0.17,1.25,0.42,0.1,0.03,0
9/19/21,92.46,1.11,3.63,1.51,0.11,0.83,0.23,0.09,0.03,0.01
9/20/21,92.52,1.42,3.33,1.41,0.11,0.9,0.16,0.11,0.02,0
9/21/21,92.32,1.48,2.96,1.3,0.93,0.6,0.31,0.08,0.01,0.01
9/22/21,89.85,1.74,4.37,1.73,1.03,0.7,0.49,0.05,0.03,0.01
9/23/21,91.25,1.4,3.64,1.22,1.57,0.63,0.18,0.07,0.03,0.01
9/24/21,97.23,0.49,1.36,0.31,0.27,0.24,0.07,0.03,0.01,0
9/25/21,88.71,3.9,4.17,1.07,1.17,0.58,0.23,0.08,0.03,0.04
9/26/21,91.13,0.88,4.07,1.2,1.74,0.55,0.26,0.08,0.02,0.06
9/27/21,89.92,0.64,5.15,1.41,1.93,0.6,0.23,0.07,0.03,0.03
9/28/21,89.31,0.77,5.39,1.42,2.02,0.68,0.24,0.1,0.04,0.04
9/29/21,92,0.46,4.01,1.04,1.28,0.79,0.3,0.08,0.03,0.01
9/30/21,91.18,0.56,4.75,1.33,1.06,0.74,0.28,0.07,0.03,0
10/1/21,96.71,0.31,1.84,0.44,0.34,0.26,0.07,0.02,0.01,0
10/2/21,89.62,0.66,5.75,1.71,1.04,0.87,0.2,0.13,0.03,0.01
10/3/21,87.53,0.55,6.3,2.03,1.97,1.09,0.35,0.11,0.04,0.01
10/4/21,88.59,0.77,6.02,1.89,1.68,0.64,0.23,0.16,0.02,0.01
10/5/21,91.27,0.95,4.62,1.4,1.04,0.45,0.16,0.08,0.04,0
10/6/21,90.81,2,3.94,1.3,0.99,0.7,0.16,0.09,0.01,0
10/7/21,92.57,1.71,2.92,0.97,1.05,0.59,0.09,0.07,0.02,0
10/8/21,96.89,0.72,1.41,0.34,0.36,0.2,0.04,0.04,0,0
10/9/21,90.41,2.82,3.43,1.29,1.08,0.66,0.14,0.11,0.04,0.02
10/10/21,87.93,4.1,4.05,1.45,1.21,0.9,0.23,0.1,0.02,0.01
10/11/21,84.73,3.83,5.4,2.24,2.4,1,0.23,0.11,0.05,0.02
10/12/21,87.88,3.08,4.53,1.29,2.26,0.67,0.16,0.1,0.02,0.01
10/13/21,88.34,2.22,4.69,1.51,1.69,0.84,0.27,0.24,0.03,0.17
10/14/21,87.82,3.19,4.3,1.65,1.59,0.76,0.29,0.25,0.04,0.11
10/15/21,74.84,14.23,5.75,1.43,1.49,1.18,0.51,0.38,0.03,0.17
10/16/21,82.13,5.94,6.08,1.51,2.73,0.69,0.43,0.29,0.04,0.15
10/17/21,85.45,6.17,4.53,1.12,1.57,0.53,0.35,0.17,0.06,0.04
10/18/21,94.31,1.09,2.42,0.64,0.95,0.33,0.19,0.05,0.02,0.01
10/19/21,95.19,1.98,1.44,0.53,0.58,0.14,0.09,0.03,0.01,0.01
10/20/21,95.46,1.04,1.89,0.67,0.6,0.19,0.1,0.02,0.02,0.01
10/21/21,90.96,2.26,3.53,1.02,1.39,0.53,0.2,0.04,0.06,0
10/22/21,96.27,0.66,1.79,0.41,0.48,0.25,0.08,0.03,0.02,0
10/23/21,89.27,1.7,4.54,1.38,1.85,0.53,0.5,0.16,0.06,0.01
10/24/21,89.82,2.87,3.43,1.62,1.27,0.4,0.43,0.1,0.03,0.02
10/25/21,92.67,1.04,3.64,1.01,0.99,0.34,0.22,0.09,0.02,0
10/26/21,91.28,0.99,4.33,1.21,1.28,0.38,0.4,0.09,0.02,0.01
10/27/21,92.27,1.31,3.52,1.14,0.96,0.36,0.31,0.08,0.03,0.01
10/28/21,93.83,0.59,2.7,0.7,1.42,0.43,0.2,0.11,0.02,0
10/29/21,95.6,0.34,2.16,0.56,0.54,0.45,0.21,0.1,0.02,0.02
10/30/21,91.57,0.69,4.2,1.22,1.17,0.63,0.32,0.16,0.04,0
10/31/21,91.8,0.52,4.56,1.18,0.94,0.42,0.41,0.11,0.06,0
11/1/21,90.48,0.64,5.15,1.28,1.18,0.75,0.26,0.22,0.01,0.02
11/2/21,88.89,0.77,6.17,1.59,1.12,0.87,0.39,0.17,0.03,0.01
11/3/21,90,0.71,5.4,1.14,1.12,0.76,0.62,0.19,0.04,0.01
11/4/21,94.44,0.35,3.14,0.58,0.73,0.41,0.23,0.09,0.03,0
11/5/21,91.47,0.64,5.19,0.74,0.69,0.61,0.42,0.18,0.04,0.02
11/6/21,90.52,0.68,5.82,1.11,0.61,0.61,0.45,0.15,0.03,0.01
11/7/21,89.91,0.82,5.74,1.3,0.65,0.9,0.51,0.14,0.02,0.01
11/8/21,87.72,0.8,7.59,1.33,1.2,0.66,0.52,0.17,0,0.01
11/9/21,92.94,0.4,4.13,0.63,1.16,0.39,0.25,0.1,0,0.01
11/10/21,92.07,0.54,4.21,0.97,0.93,0.71,0.34,0.19,0.01,0.02
11/11/21,91.2,0.77,4.68,0.86,1.07,0.77,0.4,0.19,0.02,0.04
11/12/21,95.55,0.19,3.45,0.24,0.24,0.2,0.11,0.02,0,0.01
11/13/21,91.11,0.37,6.87,0.56,0.58,0.22,0.22,0.05,0.01,0
11/14/21,92.17,0.54,4.94,0.69,0.97,0.38,0.24,0.05,0.01,0.01
11/15/21,90.26,0.54,6.4,0.76,1.22,0.43,0.32,0.05,0.02,0
11/16/21,94.44,0.23,3.61,0.46,0.74,0.29,0.16,0.04,0.02,0.01
11/17/21,92.94,0.45,4.31,0.61,0.98,0.41,0.25,0.04,0.02,0.01
11/18/21,97.24,0.21,1.63,0.28,0.37,0.14,0.1,0.02,0,0.01
11/19/21,97.35,0.2,1.71,0.19,0.3,0.14,0.1,0.02,0,0
11/20/21,94.86,0.3,2.84,0.5,0.95,0.28,0.19,0.06,0,0.01
11/21/21,95.47,0.36,2.55,0.52,0.64,0.2,0.19,0.05,0,0
11/22/21,95.8,0.32,2.26,0.39,0.72,0.27,0.17,0.05,0,0
11/23/21,97.62,0.28,1.19,0.25,0.43,0.11,0.08,0.04,0,0.01
11/24/21,95.62,0.24,2.55,0.49,0.75,0.17,0.14,0.02,0,0.01
11/25/21,97.14,0.21,1.63,0.32,0.41,0.16,0.1,0.04,0,0
11/26/21,96.3,0.36,2.2,0.35,0.37,0.26,0.12,0.03,0.01,0
11/27/21,94.37,0.51,2.92,0.59,0.86,0.36,0.3,0.06,0.02,0.01
11/28/21,93.89,0.55,3.21,0.51,1.03,0.4,0.31,0.08,0.01,0.01
11/29/21,94.66,0.78,2.56,0.5,0.89,0.38,0.16,0.05,0.01,0
11/30/21,96.03,0.72,1.76,0.29,0.8,0.24,0.1,0.04,0.01,0.01
12/1/21,95.52,0.37,2.27,0.46,0.98,0.21,0.1,0.06,0.02,0.01
12/2/21,97.56,1.35,0.24,0.41,0.27,0.1,0.03,0.02,0.01,0
12/3/21,97.09,1.54,0.44,0.41,0.31,0.14,0.05,0.01,0.01,0
12/4/21,95.76,2.07,0.57,0.62,0.57,0.26,0.08,0.06,0.01,0
12/5/21,94.33,3.27,0.75,0.7,0.58,0.22,0.1,0.05,0,0
12/6/21,93.8,3.54,0.98,0.62,0.61,0.33,0.08,0.03,0.01,0.01
12/7/21,96.87,1.56,0.56,0.33,0.39,0.2,0.06,0.03,0,0
12/8/21,73.94,24.2,0.73,0.39,0.42,0.25,0.05,0.03,0,0
12/9/21,87.15,11.77,0.32,0.27,0.27,0.17,0.03,0.01,0,0.01
12/10/21,90.31,8.58,0.33,0.21,0.21,0.29,0.05,0.02,0.01,0
12/11/21,83.64,14.54,0.38,0.59,0.48,0.24,0.09,0.02,0.01,0
12/12/21,86.12,12.15,0.26,0.54,0.54,0.25,0.1,0.03,0.02,0
12/13/21,92.37,6.07,0.35,0.48,0.34,0.24,0.09,0.03,0.01,0.01
12/14/21,94.03,4.8,0.29,0.38,0.24,0.17,0.06,0.02,0,0
12/15/21,91.66,5.65,0.87,0.58,0.59,0.44,0.12,0.06,0.02,0.01
12/16/21,94.26,3.69,0.92,0.29,0.5,0.23,0.06,0.04,0.01,0
12/17/21,93.85,3.93,1.04,0.2,0.58,0.28,0.09,0.02,0.01,0
12/18/21,88.23,5.79,2.95,0.81,1.47,0.51,0.17,0.04,0.03,0
12/19/21,85.82,7.29,2.59,1.4,1.72,0.74,0.22,0.12,0.07,0.01
12/20/21,88.81,7.11,0.72,1.47,0.89,0.64,0.22,0.07,0.06,0.01
12/21/21,96.17,2.64,0.26,0.31,0.27,0.24,0.07,0.02,0.01,0
12/22/21,93.51,3.88,0.83,0.49,0.61,0.46,0.15,0.05,0.01,0.01
12/23/21,96.38,2.27,0.38,0.31,0.3,0.24,0.09,0.02,0.01,0
12/24/21,96.31,2.39,0.36,0.28,0.3,0.24,0.11,0.01,0,0
12/25/21,93.55,4.44,0.4,0.57,0.53,0.32,0.13,0.03,0.01,0.01
12/26/21,92.63,4.6,0.88,0.69,0.6,0.34,0.15,0.09,0.03,0
12/27/21,94.11,3.54,0.48,0.89,0.49,0.32,0.13,0.04,0,0.01
12/28/21,96.19,2.14,0.56,0.46,0.3,0.24,0.06,0.02,0.02,0
12/29/21,95.86,2.36,0.37,0.62,0.34,0.28,0.11,0.03,0.02,0
12/30/21,96.44,2.09,0.3,0.65,0.19,0.21,0.07,0.03,0.01,0.01
12/31/21,96.15,2.38,0.35,0.4,0.25,0.31,0.12,0.02,0.01,0